step,train_loss,val_loss
0,3.586300849914551,3.577195882797241
1,3.558974266052246,3.551342248916626
